[{"inputs":[],"stateMutability":"nonpayable","type":"constructor"},{"inputs":[{"internalType":"address","name":"_address","type":"address"},{"internalType":"uint8","name":"_access","type":"uint8"}],"name":"getAccess","outputs":[{"internalType":"uint8[]","name":"","type":"uint8[]"}],"stateMutability":"view","type":"function"},{"inputs":[],"name":"getEntityAll","outputs":[{"internalType":"string[]","name":"","type":"string[]"},{"internalType":"address[]","name":"","type":"address[]"}],"stateMutability":"view","type":"function"},{"inputs":[{"internalType":"address","name":"_address","type":"address"}],"name":"getPermission","outputs":[{"internalType":"bool","name":"","type":"bool"}],"stateMutability":"view","type":"function"},{"inputs":[{"internalType":"address","name":"_address","type":"address"}],"name":"getQuantity","outputs":[{"internalType":"bool","name":"","type":"bool"}],"stateMutability":"view","type":"function"},{"inputs":[{"internalType":"address","name":"_address","type":"address"}],"name":"getRegisteringEntity","outputs":[{"internalType":"bool","name":"","type":"bool"}],"stateMutability":"view","type":"function"},{"inputs":[{"internalType":"address","name":"_address","type":"address"}],"name":"getResponsibility","outputs":[{"internalType":"uint256","name":"","type":"uint256"}],"stateMutability":"view","type":"function"},{"inputs":[{"internalType":"uint256","name":"","type":"uint256"}],"name":"idRegisteringEntity","outputs":[{"internalType":"address","name":"","type":"address"}],"stateMutability":"view","type":"function"},{"inputs":[],"name":"indexOf","outputs":[{"internalType":"uint256","name":"","type":"uint256"}],"stateMutability":"view","type":"function"},{"inputs":[],"name":"price","outputs":[{"internalType":"uint256","name":"","type":"uint256"}],"stateMutability":"view","type":"function"},{"inputs":[{"internalType":"address","name":"","type":"address"}],"name":"registeringEntity","outputs":[{"internalType":"bool","name":"permission","type":"bool"},{"internalType":"uint256","name":"time","type":"uint256"},{"internalType":"uint16","name":"quantity","type":"uint16"},{"internalType":"uint16","name":"max","type":"uint16"},{"internalType":"string","name":"data","type":"string"}],"stateMutability":"view","type":"function"},{"inputs":[{"internalType":"address","name":"_addrees","type":"address"}],"name":"setAdministrators","outputs":[],"stateMutability":"nonpayable","type":"function"},{"inputs":[{"internalType":"uint256","name":"_idRegisteringEntity","type":"uint256"},{"internalType":"address","name":"_address","type":"address"}],"name":"setIdRegisteringEntity","outputs":[],"stateMutability":"nonpayable","type":"function"},{"inputs":[{"internalType":"uint16","name":"_increment","type":"uint16"},{"internalType":"uint256","name":"_amountOut","type":"uint256"},{"internalType":"uint256","name":"_amountInMax","type":"uint256"},{"internalType":"address","name":"_coin","type":"address"}],"name":"setIncrementMax","outputs":[],"stateMutability":"nonpayable","type":"function"},{"inputs":[{"internalType":"address","name":"_address","type":"address"}],"name":"setPermisition","outputs":[],"stateMutability":"nonpayable","type":"function"},{"inputs":[{"internalType":"bool","name":"status","type":"bool"},{"internalType":"address","name":"_address","type":"address"},{"internalType":"address","name":"_addressContract","type":"address"}],"name":"setQuantity","outputs":[],"stateMutability":"nonpayable","type":"function"},{"inputs":[{"internalType":"address","name":"_address","type":"address"},{"internalType":"bool","name":"_permission","type":"bool"},{"internalType":"string","name":"_data","type":"string"},{"internalType":"uint16","name":"max","type":"uint16"},{"internalType":"uint256","name":"_time","type":"uint256"},{"internalType":"bool","name":"_operation","type":"bool"},{"internalType":"uint8[]","name":"_access","type":"uint8[]"},{"internalType":"uint8[][]","name":"_accessValue","type":"uint8[][]"}],"name":"setRegisteringEntity","outputs":[],"stateMutability":"nonpayable","type":"function"},{"inputs":[{"internalType":"uint16","name":"_max","type":"uint16"},{"internalType":"uint256","name":"_amountOut","type":"uint256"},{"internalType":"uint256","name":"_amountInMax","type":"uint256"},{"internalType":"address","name":"_coin","type":"address"}],"name":"setRenovation","outputs":[],"stateMutability":"nonpayable","type":"function"},{"inputs":[{"internalType":"address","name":"_address","type":"address"},{"internalType":"uint256","name":"_time","type":"uint256"}],"name":"setTime","outputs":[],"stateMutability":"nonpayable","type":"function"}]
