[{"inputs":[],"stateMutability":"nonpayable","type":"constructor"},{"inputs":[{"internalType":"address","name":"","type":"address"}],"name":"Users","outputs":[{"internalType":"bool","name":"status","type":"bool"},{"internalType":"bool","name":"permission","type":"bool"},{"internalType":"address","name":"registeringEntity","type":"address"},{"internalType":"string","name":"data","type":"string"}],"stateMutability":"view","type":"function"},{"inputs":[{"internalType":"address","name":"_address","type":"address"}],"name":"deleteUser","outputs":[],"stateMutability":"nonpayable","type":"function"},{"inputs":[{"internalType":"address","name":"_address","type":"address"},{"internalType":"uint8","name":"_module","type":"uint8"},{"internalType":"uint8","name":"_value","type":"uint8"}],"name":"getAccess","outputs":[{"internalType":"bool","name":"","type":"bool"}],"stateMutability":"view","type":"function"},{"inputs":[{"internalType":"address","name":"_address","type":"address"},{"internalType":"uint8","name":"_access","type":"uint8"}],"name":"getAccessAll","outputs":[{"internalType":"uint8[]","name":"","type":"uint8[]"}],"stateMutability":"view","type":"function"},{"inputs":[{"internalType":"address","name":"_address","type":"address"}],"name":"getErUsers","outputs":[{"internalType":"address[]","name":"","type":"address[]"}],"stateMutability":"view","type":"function"},{"inputs":[],"name":"indexOf","outputs":[{"internalType":"uint256","name":"","type":"uint256"}],"stateMutability":"view","type":"function"},{"inputs":[{"internalType":"address","name":"_address","type":"address"}],"name":"setPermisition","outputs":[],"stateMutability":"nonpayable","type":"function"},{"inputs":[{"internalType":"address","name":"_address","type":"address"},{"internalType":"bool","name":"_permission","type":"bool"},{"internalType":"string","name":"_data","type":"string"},{"internalType":"uint8[]","name":"_module","type":"uint8[]"},{"internalType":"uint8[][]","name":"_value","type":"uint8[][]"}],"name":"setUsers","outputs":[],"stateMutability":"nonpayable","type":"function"}]
